epoch,boundary_block,boundary_gauges,t1_gauges,boundary_opt_k,boundary_opt_expected_usd,boundary_opt_per_1k,t1_pred_k,t1_pred_expected_usd,t1_pred_per_1k,t1_realized_at_boundary_usd,t1_realized_at_boundary_per_1k,opportunity_gap_usd,opportunity_gap_pct
1772668800,42939734,159,160,45,2495.387977,1.405925,50,1782.445367,1.004247,1856.441682,1.045937,638.946295,25.605088
1773273600,43242133,161,162,40,2080.134133,1.171967,46,1441.169572,0.811969,1452.711106,0.818471,627.423027,30.162623
1773878400,43846889,169,170,50,1465.145848,0.825477,50,963.391363,0.542784,1033.910900,0.582515,431.234948,29.432902
1774483200,43846933,166,168,49,2066.733997,1.164418,50,1513.712788,0.852840,1522.129152,0.857582,544.604845,26.350989
1775088000,44451728,160,162,45,908.851041,0.512055,46,1038.755301,0.585245,617.538023,0.347927,291.313019,32.052889
1775692800,44451728,157,158,50,1051.951316,0.592679,48,694.801839,0.391458,898.799323,0.506392,153.151993,14.558848
1776297600,45056531,143,145,47,577.717915,0.325492,50,467.827232,0.263578,541.341775,0.304997,36.376141,6.296523
