{
  "epoch": 1778112000,
  "notes": {
    "USDC_breakdown": "23.3579 + 48.9812 = 72.3391 tokens / $23.35 + $48.97 = $72.32",
    "BRZ_breakdown": "1.3616 + 28.2856 = 29.6472 tokens / $0.28 + $5.73 = $6.01"
  },
  "actual_tokens": {
    "HYDX": 302.7401,
    "WETH": 0.044782,
    "oHYDX": 2474.92,
    "USDC": 72.3391,
    "DEXTF": 125.3869,
    "FACY": 3333.4,
    "kVCM": 264.7921,
    "weETH": 0.004219,
    "BETR": 797796.12,
    "TIBBIR": 42.8466,
    "WOLF": 392297.57,
    "noice": 427118.75,
    "BNKR": 61797.14,
    "REPPO": 1328.91,
    "frxUSD": 3.5055,
    "WFRAX": 150.748,
    "AZUSD": 0.323384,
    "KIBBLE": 5024.62,
    "BRZ": 29.6472,
    "IDRX": 3122.76,
    "tGBP": 0.11987,
    "fxUSD": 14.2556
  },
  "token_prices": {
    "HYDX": 0.039374,
    "WETH": 2338.61,
    "oHYDX": 0.027563,
    "USDC": 0.99974,
    "DEXTF": 0.036044,
    "FACY": 0.0021958,
    "kVCM": 0.037578,
    "weETH": 2550.37,
    "BETR": 0.0000020306,
    "TIBBIR": 0.15286,
    "WOLF": 0.000010222,
    "noice": 0.000024819,
    "BNKR": 0.00036136,
    "REPPO": 0.024132,
    "frxUSD": 0.99843,
    "WFRAX": 0.47686,
    "AZUSD": 0.98953,
    "KIBBLE": 0.00092947,
    "BRZ": 0.20271,
    "IDRX": 0.000057643,
    "tGBP": 1.33478,
    "fxUSD": 1.00522
  },
  "total_usd": 467.93
}
