{
  "epoch": 1777507200,
  "notes": {
    "USDC_breakdown": "59.8468 + 55.4626 + 4.3841 = 119.6935 tokens / $59.83 + $55.45 + $4.38 = $119.66",
    "BRZ_breakdown": "1.0073 + 31.3907 = 32.398 tokens / $0.20 + $6.34 = $6.54"
  },
  "actual_tokens": {
    "HYDX": 213.1458,
    "WETH": 0.077331,
    "oHYDX": 3827.56,
    "USDC": 119.6935,
    "FACY": 4256.0,
    "AVNT": 30.2655,
    "BETR": 1458170.02,
    "TIBBIR": 64.1796,
    "noice": 260007.68,
    "REPPO": 2672.23,
    "AZUSD": 0.173049,
    "KIBBLE": 11850.9,
    "frxUSD": 0.184771,
    "BRZ": 32.398,
    "WFRAX": 8.6764,
    "BNKR": 25125.06,
    "fxUSD": 6.7485
  },
  "token_prices": {
    "HYDX": 0.04302,
    "WETH": 2342.97,
    "oHYDX": 0.030107,
    "USDC": 0.99972,
    "FACY": 0.001896,
    "AVNT": 0.14639,
    "BETR": 0.0000021192,
    "TIBBIR": 0.15349,
    "noice": 0.000025692,
    "REPPO": 0.024181,
    "AZUSD": 0.98239,
    "KIBBLE": 0.0009409,
    "frxUSD": 0.97417,
    "BRZ": 0.20186,
    "WFRAX": 0.47136,
    "BNKR": 0.00031801,
    "fxUSD": 1.01356
  }
}
