{
  "epoch": 1778716800,
  "notes": {
    "boundary_block": 45963731,
    "boundary_block_ts": 1778716809,
    "USDC_breakdown": "20.3558 + 44.6604 = 65.0162 tokens / $20.35 + $44.65 = $65.00",
    "fxUSD_breakdown": "44.0136 + 0.292106 = 44.305706 tokens / $44.00 + $0.29 = $44.29"
  },
  "actual_tokens": {
    "HYDX": 76.0018,
    "WETH": 0.049687,
    "oHYDX": 1636.91,
    "FACY": 8892.34,
    "kVCM": 27.5954,
    "USDC": 65.0162,
    "AVNT": 90.5952,
    "weETH": 0.001798,
    "BETR": 780575.57,
    "TIBBIR": 79.0596,
    "noice": 125051.02,
    "BNKR": 279439.8,
    "BRETT": 373.5338,
    "SERV": 127.11,
    "BAES": 1915173.84,
    "AZUSD": 3.4376,
    "KIBBLE": 2667.65,
    "frxUSD": 0.074324,
    "BRZ": 12.4021,
    "WFRAX": 3.9819,
    "fxUSD": 44.305706
  },
  "token_prices": {
    "HYDX": 0.03881487,
    "WETH": 2267.3939,
    "oHYDX": 0.027179258,
    "FACY": 0.0019814807,
    "kVCM": 0.035513165,
    "USDC": 0.99975083,
    "AVNT": 0.15033909,
    "weETH": 2486.0957,
    "BETR": 0.0000019600921,
    "TIBBIR": 0.11725331,
    "noice": 0.000023590371,
    "BNKR": 0.000567,
    "BRETT": 0.0090754839,
    "SERV": 0.02847927,
    "BAES": 0.0000016604237,
    "AZUSD": 0.99778916,
    "KIBBLE": 0.00091466272,
    "frxUSD": 0.94182229,
    "BRZ": 0.19996613,
    "WFRAX": 0.46962505,
    "fxUSD": 0.99964551
  },
  "total_usd": 498.75
}
