{
  "epoch": 1779926400,
  "notes": {
    "boundary_block": 46870933,
    "BETR_breakdown": "2,962,227.28 + 141,704,359.14 = 144,666,586.42 tokens / $3.57 + $170.69 = $174.26"
  },
  "actual_tokens": {
    "WETH": 0.035254,
    "FACY": 16641.18,
    "AVNT": 207.8815,
    "USDC": 28.0432,
    "BETR": 144666586.42,
    "VIRTUAL": 26.7207,
    "metacademax": 163003.86,
    "HYDX": 13154.34,
    "REPPO": 1014.26
  },
  "token_prices": {
    "WETH": 1780.28,
    "FACY": 0.001488,
    "AVNT": 0.12468,
    "USDC": 0.99953,
    "BETR": 0.0000012047,
    "VIRTUAL": 0.65845,
    "metacademax": 0.000021472,
    "HYDX": 0.046785,
    "REPPO": 0.015548
  },
  "total_usd": 968.05
}
