{
  "actual_tokens": {
    "HYDX": 670.8830844800574,
    "USDC": 327.53286099999997,
    "WETH": 0.04635684078455186,
    "kVCM": 1621.1726896255936,
    "oHYDX": 2.7480406184e-08
  },
  "predicted_tokens": {
    "USDC": 19447.165205,
    "WETH": 9.402998058867826,
    "kVCM": 122495.63390069854,
    "cbBTC": 0.09237817000000001,
    "oHYDX": 56846.41908965513,
    "HYDX": 21168.37532665499,
    "axlREGEN": 406063.066909,
    "BETR": 568171242.0423516,
    "fBOMB": 91257.57996054055,
    "MRDN": 121436.29795444122,
    "WFRAX": 2000.767260022261,
    "FUEGO": 241586.83335088435,
    "BAES": 314733398.3060949,
    "REPLY": 214684.33927252208,
    "CDX": 4709.944944512651,
    "EURC": 1604.325184,
    "MOLT": 1323250.5418217285,
    "TIBBIR": 6178.734296163455,
    "AVNT": 1595.102188720518,
    "wstETH": 0.09648836416974749,
    "FACY": 139948.9969907332,
    "IDRX": 1503948.9000000001,
    "REGENT": 3325814.6295034597,
    "BNKR": 5532095.260748797,
    "VIRTUAL": 144.52166219773446,
    "SYND": 353.1086414302255,
    "ZFI": 5318.662595037003,
    "metacademax": 553180.3440486504,
    "frxUSD": 13.72741185466797,
    "FXH": 37829.18332539338,
    "SPX": 15.390988530000001,
    "AISTR": 85.00062288675647,
    "GIZA": 199.31926333584204,
    "docker": 24140.462051011873,
    "RECALL": 132.01803622774,
    "WELL": 1161.918606427311,
    "FLOCK": 59.99317510858596,
    "CHECK": 17.434029805989248,
    "LITKEY": 822.0450672994759,
    "SERV": 1726.2979360204502,
    "MIGGLES": 934.2154119468331,
    "MORPHO": 1.3391232802658308,
    "DEXTF": 203.58265777934778,
    "CARV": 41.36177124344856,
    "KING": 0.02101916125492509,
    "CYPR": 1378.1318990014609,
    "EDEL": 424.4895357232745,
    "SPON": 5669.284954494786,
    "PIGGY": 4527449.765162554,
    "ROOM": 67451.1477020552,
    "CLANKER": 3.9549621782282953,
    "Billy": 38818.365612519876,
    "GAME": 19.271846003291667,
    "KTA": 154.85663746801916,
    "MIRA": 171.90761167454954,
    "AYB": 4737748.712057364,
    "AIXBT": 228.5837876158583,
    "KAITO": 0.4087323394355108,
    "VEIL": 409.5142931804984,
    "i": 59705.43006400469,
    "latenightonbase": 5970.4066008284935,
    "A0X": 106443.4901907439,
    "SAPIEN": 29.483934640180838,
    "VFY": 859.1714490133388,
    "REPPO": 64424.5069592419,
    "ETHFI": 1.1468237685376463,
    "noice": 2697772.0441832934,
    "jesse": 2907.961547182682,
    "MACHINES": 16308136.86026674,
    "ZEN": 0.1627153433897452,
    "ARIO": 3283.222305,
    "ZXBT": 11.088350622698192,
    "cbADA": 98.293812,
    "WAV3": 0.9176760478250511,
    "PING": 6929.93269622881,
    "hwUSD": 0.190101,
    "SKY": 1182.496890929435,
    "wtCOIN": 0.17909058817349405,
    "weETH": 0.0040293285115489685,
    "tGBP": 0.03959974491105269,
    "tBTC": 0.000144233966566407,
    "chubal": 9316157.630634494,
    "cbXRP": 678.270751,
    "cbLTC": 0.68050243,
    "cbDOGE": 403.44830937,
    "ZORA": 2035.6929100177485,
    "WS": 0.05743,
    "WOLF": 3530172.89519403,
    "WNIBI": 3.6822701416287025,
    "USD\u20ae0": 5.770972,
    "USDT": 0.037002,
    "TOSHI": 152761.663474809,
    "TGN": 12.181927323679856,
    "STAR": 211.94929721563915,
    "SPLASH": 426830.3984137501,
    "SONG": 503180.1162590881,
    "SOL": 0.014002764,
    "RYFT": 34437.2255462886,
    "RIZE": 107.24602407117804,
    "RFL": 691.4784183130629,
    "PROV": 0.01887880413485383,
    "OTTO": 12980.696209713129,
    "LUNA": 91.61179910288041,
    "KIBBLE": 30414.447432899844,
    "HYPE": 3.8452281882873085,
    "HBET": 23841.920270952887,
    "GOO": 303.53752669921084,
    "GHO": 33.129199165857266,
    "FXUSD": 4901.594432435887,
    "DONUT": 4.901520412343922,
    "DGLD": 2.12401847124e-07,
    "DAI": 22.161133604124732,
    "CLAWNCH": 24762.72613363378,
    "CLAWD": 19895.81837852352,
    "BRZ": 2753.841095199697,
    "BRETT": 2566.1110156415907,
    "BENJI": 260.8338688672947,
    "AZUSD": 518.4015903700041
  },
  "token_prices": {
    "USDC": 0.999946,
    "WETH": 1976.9,
    "AIXBT": 0.02115982,
    "oHYDX": 0.045398499999999994,
    "cbBTC": 67184.0,
    "cbADA": 0.283017,
    "EURC": 1.18,
    "IDRX": 5.929e-05,
    "HYDX": 0.06486,
    "wstETH": 2412.11,
    "ZFI": 0.00583336,
    "AVNT": 0.20127,
    "SYND": 0.02428553,
    "SPX": 0.351359,
    "frxUSD": 0.999962,
    "WFRAX": 0.687358,
    "MIGGLES": 0.00332545,
    "SPON": 0.00232941,
    "MIRA": 0.093484,
    "ROOM": 8.733e-05,
    "MRDN": 0.00805415,
    "AYB": 1.1532e-07,
    "Billy": 5.575e-05,
    "CDX": 0.04100144,
    "SKY": 0.00022408,
    "BETR": 2.16e-06,
    "KTA": 0.26359,
    "CYPR": 0.01421012,
    "noice": 5.54e-05,
    "FACY": 0.00322583,
    "VIRTUAL": 0.648446,
    "TIBBIR": 0.129985,
    "DEXTF": 0.04816395,
    "FUEGO": 0.00293036,
    "ZEN": 6.19,
    "GIZA": 0.01870107,
    "BNKR": 0.00055687,
    "fBOMB": 0.01178539,
    "FXH": 0.00097421,
    "VFY": 0.01850842,
    "RECALL": 0.04836967,
    "CARV": 0.065163,
    "SAPIEN": 0.088241,
    "FLOCK": 0.062415,
    "VEIL": 0.0235508,
    "kVCM": 0.089557,
    "PING": 0.00141835,
    "WELL": 0.00439074,
    "AISTR": 0.03430113,
    "CLANKER": 32.71,
    "SERV": 0.01478547,
    "MACHINES": 2.63e-06,
    "LITKEY": 0.01018233,
    "KAITO": 0.313945,
    "MORPHO": 1.47,
    "EDEL": 0.00739588,
    "jesse": 0.00239952,
    "ZXBT": 4.273e-05,
    "REGENT": 2.105e-05,
    "i": 7.35e-06,
    "KING": 202.61,
    "ETHFI": 0.479874,
    "A0X": 6.45e-06,
    "axlREGEN": 0.00313213,
    "docker": 0.00010749,
    "WAV3": 0.00012179,
    "metacademax": 3.686e-05,
    "hwUSD": 1.025,
    "latenightonbase": 3.286e-05,
    "ARIO": 0.00335631,
    "REPPO": 0.0140814,
    "PIGGY": 1.38e-06,
    "BAES": 1.4e-06,
    "GAME": 0.01276919,
    "CHECK": 0.103934,
    "REPLY": 0.00242799,
    "MOLT": 3.096e-05
  },
  "total_predicted_usd": 75659.04332530865,
  "total_actual_usd": 607.85885219791
}